<?xml version="1.0" encoding="UTF-8" standalone="yes"?>
<Content>
    <Views>
        <ViewDef id="2c3419d3-af96-45e0-a3bf-96985855b16e">
            <Title>vMemory Distribution</Title>
            <Description/>
            <SubjectType adapterKind="VMWARE" resourceKind="VirtualMachine" type="descendant"/>
            <Usage>dashboard</Usage>
            <Usage>report</Usage>
            <Usage>details</Usage>
            <Usage>content</Usage>
            <Controls>
                <Control id="time-interval-selector_id_431" type="time-interval-selector" visible="false">
                    <Property name="advancedTimeMode" value="false"/>
                    <Property name="unit" value="DAYS"/>
                    <Property name="count" value="7"/>
                </Control>
                <Control id="attributes-selector_id_432" type="attributes-selector" visible="false">
                    <Property name="attributeInfos">
                        <List>
                            <Item>
<Value>
    <Property name="objectType" value="RESOURCE"/>
    <Property name="attributeKey" value="mem|consumedPct"/>
    <Property name="preferredUnitId" value="percent"/>
    <Property name="isStringAttribute" value="false"/>
    <Property name="adapterKind" value="VMWARE"/>
    <Property name="resourceKind" value="VirtualMachine"/>
    <Property name="rollUpType" value="NONE"/>
    <Property name="rollUpCount" value="0"/>
    <Property name="transformations">
        <List>
            <Item value="CURRENT"/>
        </List>
    </Property>
    <Property name="isProperty" value="false"/>
    <Property name="isShowRelativeTimestamp" value="false"/>
</Value>
                            </Item>
                        </List>
                    </Property>
                </Control>
                <Control id="buckets-control_id_433" type="buckets-control" visible="false">
                    <Property name="maxValue" value="0"/>
                    <Property name="minValue" value="0"/>
                    <Property name="dynamicCalcFunction" value="SIMPLEMAXMIN"/>
                    <Property name="bucketInfos">
                        <List>
                            <Item>
<Value>
    <Property name="startValue" value="0"/>
    <Property name="endValue" value="50"/>
</Value>
                            </Item>
                            <Item>
<Value>
    <Property name="startValue" value="50"/>
    <Property name="endValue" value="70"/>
</Value>
                            </Item>
                            <Item>
<Value>
    <Property name="startValue" value="70"/>
    <Property name="endValue" value="80"/>
</Value>
                            </Item>
                            <Item>
<Value>
    <Property name="startValue" value="80"/>
    <Property name="endValue" value="90"/>
</Value>
                            </Item>
                            <Item>
<Value>
    <Property name="startValue" value="90"/>
    <Property name="endValue" value="100"/>
</Value>
                            </Item>
                        </List>
                    </Property>
                    <Property name="isDynamic" value="false"/>
                </Control>
                <Control id="metadata_id_434" type="metadata" visible="false">
                    <Property name="maxPointsCount" value="5000"/>
                    <Property name="hideObjectNameColumn" value="false"/>
                    <Property name="listTopResultSize" value="-1"/>
                </Control>
            </Controls>
            <DataProviders>
                <DataProvider dataType="distribution-view" id="distribution-view_id_430"/>
            </DataProviders>
            <Presentation type="pie-chart"/>
        </ViewDef>
    </Views>
</Content>
