<?xml version="1.0" encoding="UTF-8" standalone="yes"?>
<Content>
    <Views>
        <ViewDef id="a0c1e99e-6896-44f8-8cbf-a5caa178b030">
            <Title>BLAST VDI Session Latency Distribution</Title>
            <Description/>
            <SubjectType adapterKind="V4V" resourceKind="UserDesktop" type="descendant"/>
            <Usage>dashboard</Usage>
            <Usage>report</Usage>
            <Usage>details</Usage>
            <Usage>content</Usage>
            <Controls>
                <Control id="time-interval-selector_id_371" type="time-interval-selector" visible="false">
                    <Property name="advancedTimeMode" value="false"/>
                    <Property name="unit" value="DAYS"/>
                    <Property name="count" value="7"/>
                </Control>
                <Control id="attributes-selector_id_372" type="attributes-selector" visible="false">
                    <Property name="attributeInfos">
                        <List>
                            <Item>
<Value>
    <Property name="objectType" value="RESOURCE"/>
    <Property name="attributeKey" value="blast|round_trip_latency"/>
    <Property name="preferredUnitId" value="1000"/>
    <Property name="isStringAttribute" value="false"/>
    <Property name="adapterKind" value="V4V"/>
    <Property name="resourceKind" value="UserDesktop"/>
    <Property name="rollUpType" value="NONE"/>
    <Property name="rollUpCount" value="0"/>
    <Property name="transformations">
        <List>
            <Item value="CURRENT"/>
        </List>
    </Property>
    <Property name="isProperty" value="false"/>
    <Property name="isShowRelativeTimestamp" value="false"/>
</Value>
                            </Item>
                        </List>
                    </Property>
                </Control>
                <Control id="buckets-control_id_373" type="buckets-control" visible="false">
                    <Property name="maxValue" value="0"/>
                    <Property name="minValue" value="0"/>
                    <Property name="dynamicCalcFunction" value="SIMPLEMAXMIN"/>
                    <Property name="bucketInfos">
                        <List>
                            <Item>
<Value>
    <Property name="startValue" value="0"/>
    <Property name="endValue" value="100"/>
</Value>
                            </Item>
                            <Item>
<Value>
    <Property name="startValue" value="100"/>
    <Property name="endValue" value="150"/>
</Value>
                            </Item>
                            <Item>
<Value>
    <Property name="startValue" value="150"/>
    <Property name="endValue" value="200"/>
</Value>
                            </Item>
                            <Item>
<Value>
    <Property name="startValue" value="200"/>
    <Property name="endValue" value="250"/>
</Value>
                            </Item>
                            <Item>
<Value>
    <Property name="startValue" value="250"/>
    <Property name="endValue" value="10000"/>
</Value>
                            </Item>
                        </List>
                    </Property>
                    <Property name="isDynamic" value="false"/>
                </Control>
                <Control id="metadata_id_374" type="metadata" visible="false">
                    <Property name="maxPointsCount" value="5000"/>
                    <Property name="hideObjectNameColumn" value="false"/>
                    <Property name="listTopResultSize" value="-1"/>
                </Control>
            </Controls>
            <DataProviders>
                <DataProvider dataType="distribution-view" id="distribution-view_id_370"/>
            </DataProviders>
            <Presentation type="pie-chart"/>
        </ViewDef>
    </Views>
</Content>
